Nombre,Edad,Nota1,Nota2,Promedio
Ana,20,4.5,4.0,4.25
Luis,22,3.8,3.9,3.8499999999999996
María,19,4.9,4.7,4.800000000000001
Carlos,21,3.5,3.6,3.55
Sofía,23,4.2,4.3,4.25
